episode,reward
0,-1137.1974081963178
1,-115.5189832016638
2,-79.90774001425441
3,-83.33240373585997
