episode,reward
0,-14.068887943942627
1,-252.85207654099628
