episode,actor_loss
0,0.0
1,2.265970528125763
2,7.349330544471741
3,8.712000370025635
4,8.929273332868304
5,9.852742036183676
6,10.197919050852457
7,9.727744897206625
