episode,critic2_loss
0,0.0
1,68.31389001699594
2,157.10308361053467
3,230.52219712734222
4,281.67268807547435
5,343.09411366780597
6,352.9616241455078
7,312.7582015991211
