episode,critic1_loss
0,0.0
1,67.0290825183575
2,156.22418081760406
3,230.33989036083221
4,281.83842904227123
5,343.0920715332031
6,352.9843343098958
7,312.7706937789917
