episode,reward
0,-173.1309018357201
1,-571.4376639720499
2,-157.80058415988998
3,-223.8203404606785
4,-150.99172957226077
5,-151.78703571228294
6,-157.32354499278114
7,-147.0956983635593
