episode,actor_loss
46,31.04267734951443
47,32.26883411407471
48,35.265611012776695
