episode,critic2_loss
46,514.6080830891927
47,659.3244832356771
48,502.44843037923175
