episode,critic1_loss
46,514.5789455837673
47,658.8761596679688
48,502.5406748453776
