episode,reward
0,-106.28445975615487
1,-81.53340176840575
