episode,reward
0,-106.28445975615487
1,-81.53340176840575
2,-113.35319030038333
3,0.0
4,-75.38429973721496
5,0.0
